<keymap version="1" name="Windows copy" parent="$default">
  <action id="AddToFavoritesPopup" />
  <action id="ChangesView.Revert" />
  <action id="CheckinFiles">
    <keyboard-shortcut first-keystroke="ctrl k" />
  </action>
  <action id="CheckinProject" />
  <action id="CloseContent">
    <keyboard-shortcut first-keystroke="ctrl r" />
  </action>
  <action id="DecreaseColumnWidth" />
  <action id="EditorNextWordWithSelection" />
  <action id="EditorPreviousWordWithSelection" />
  <action id="FindInPath">
    <keyboard-shortcut first-keystroke="shift alt f" />
  </action>
  <action id="FindPrevious">
    <keyboard-shortcut first-keystroke="shift f3" />
  </action>
  <action id="Git.Commit.And.Push.Executor" />
  <action id="Git.Pull">
    <keyboard-shortcut first-keystroke="shift ctrl l" />
  </action>
  <action id="IncreaseColumnWidth" />
  <action id="IncrementWindowWidth" />
  <action id="IntroduceField" />
  <action id="ReformatCode">
    <keyboard-shortcut first-keystroke="ctrl alt f" />
  </action>
  <action id="Replace" />
  <action id="ResizeToolWindowLeft" />
  <action id="ResizeToolWindowRight" />
  <action id="RevealIn">
    <keyboard-shortcut first-keystroke="shift ctrl s" />
  </action>
  <action id="ShowFilterPopup" />
  <action id="SplitHorizontally">
    <keyboard-shortcut first-keystroke="shift ctrl left" />
  </action>
  <action id="SplitVertically">
    <keyboard-shortcut first-keystroke="shift ctrl right" />
  </action>
  <action id="ToggleFullScreen">
    <keyboard-shortcut first-keystroke="ctrl alt context_menu" />
  </action>
  <action id="ToggleZenMode">
    <keyboard-shortcut first-keystroke="ctrl alt z" />
  </action>
  <action id="Vcs.RollbackChangedLines" />
</keymap>