<application>
  <component name="VimEditorSettings">
    <editor />
  </component>
  <component name="VimKeySettings">
    <shortcut-conflicts>
      <shortcut-conflict owner="vim">
        <text>ctrl pressed S</text>
      </shortcut-conflict>
      <shortcut-conflict owner="vim">
        <text>ctrl pressed N</text>
      </shortcut-conflict>
    </shortcut-conflicts>
  </component>
  <component name="VimMarksSettings">
    <globalmarks />
    <filemarks>
      <file name="Q:/pyCharmWS/市局/algorithm-python-official-load-data/text_augmentation_script.py" timestamp="1589623176801">
        <mark key="[" line="43" column="0" />
        <mark key="]" line="43" column="0" />
        <mark key="." line="43" column="0" />
      </file>
    </filemarks>
    <jumps />
  </component>
  <component name="VimRegisterSettings">
    <registers>
      <register name="1" type="2">
        <text encoding="base64">ICAgIH0K</text>
      </register>
      <register name="&quot;" type="2">
        <text encoding="base64">ICAgIH0K</text>
      </register>
    </registers>
  </component>
  <component name="VimSearchSettings">
    <search>
      <last-dir>0</last-dir>
      <show-last>false</show-last>
    </search>
  </component>
  <component name="VimSettings">
    <state version="6" enabled="true" />
    <notifications>
      <idea-join enabled="false" />
      <idea-put enabled="false" />
    </notifications>
  </component>
</application>