<application>
  <component name="ProjectJdkTable">
    <jdk version="2">
      <name value="Python 3.7" />
      <type value="Python SDK" />
      <version value="Python 3.7.6" />
      <homePath value="S:\Anaconda3\envs\torch\python.exe" />
      <roots>
        <classPath>
          <root type="composite">
            <root url="file://S:/Anaconda3/envs/torch/DLLs" type="simple" />
            <root url="file://S:/Anaconda3/envs/torch/lib" type="simple" />
            <root url="file://S:/Anaconda3/envs/torch/lib/site-packages" type="simple" />
            <root url="file://S:/Anaconda3/envs/torch/lib/site-packages/apex-0.1-py3.7.egg" type="simple" />
            <root url="file://S:/Anaconda3/envs/torch/lib/site-packages/pip-20.2b1-py3.7.egg" type="simple" />
            <root url="file://S:/Anaconda3/envs/torch/lib/site-packages/win32" type="simple" />
            <root url="file://S:/Anaconda3/envs/torch/lib/site-packages/win32/lib" type="simple" />
            <root url="file://S:/Anaconda3/envs/torch/lib/site-packages/pythonwin" type="simple" />
            <root url="file://$USER_HOME$/AppData/Local/JetBrains/PyCharm2020.1/python_stubs/443352685" type="simple" />
            <root url="file://$APPLICATION_HOME_DIR$/plugins/python/helpers/python-skeletons" type="simple" />
            <root url="file://$APPLICATION_HOME_DIR$/plugins/python/helpers/typeshed/stdlib/3.7" type="simple" />
            <root url="file://$APPLICATION_HOME_DIR$/plugins/python/helpers/typeshed/stdlib/3" type="simple" />
            <root url="file://$APPLICATION_HOME_DIR$/plugins/python/helpers/typeshed/stdlib/2and3" type="simple" />
            <root url="file://$APPLICATION_HOME_DIR$/plugins/python/helpers/typeshed/third_party/3" type="simple" />
            <root url="file://$APPLICATION_HOME_DIR$/plugins/python/helpers/typeshed/third_party/2and3" type="simple" />
          </root>
        </classPath>
        <sourcePath>
          <root type="composite" />
        </sourcePath>
      </roots>
      <additional />
    </jdk>
  </component>
</application>